{
  "lane_id": 3,
  "polygon": [
    [
      0.4706422018348624,
      0.2078307094663668
    ],
    [
      0.5201834862385321,
      0.20128808014720917
    ],
    [
      0.9935779816513761,
      0.9569617665099162
    ],
    [
      0.5458715596330275,
      0.9340625638928645
    ],
    [
      0.4596330275229358,
      0.20128808014720917
    ],
    [
      0.4596330275229358,
      0.20128808014720917
    ]
  ]
}