{
  "lane_id": 1,
  "polygon": [
    [
      0.5293577981651376,
      0.018350030668574935
    ],
    [
      0.008256880733944955,
      0.6104579840523411
    ],
    [
      0.01743119266055046,
      0.953946023308117
    ],
    [
      0.9642201834862385,
      0.934318135350644
    ],
    [
      0.9825688073394495,
      0.7053261091801267
    ],
    [
      0.6504587155963303,
      0.04452054794520548
    ],
    [
      0.6431192660550459,
      0.02816397464731139
    ],
    [
      0.6431192660550459,
      0.02816397464731139
    ]
  ]
}