{
  "lane_id": 1,
  "polygon": [
    [
      0.5302407516147974,
      0.011732792993006079
    ],
    [
      0.0064591896652965355,
      0.6622328256748807
    ],
    [
      0.014679976512037582,
      0.965520622262893
    ],
    [
      0.995302407516148,
      0.9822537420746454
    ],
    [
      0.9859072225484439,
      0.6078501862866854
    ],
    [
      0.632413388138579,
      0.007549513040067978
    ],
    [
      0.632413388138579,
      0.009641153016537028
    ]
  ]
}