{
  "lane_id": 2,
  "polygon": [
    [
      0.3110091743119266,
      0.29615620527499487
    ],
    [
      0.8724770642201835,
      0.2667143733387855
    ],
    [
      0.9880733944954129,
      0.5545900633817216
    ],
    [
      0.9733944954128441,
      0.924248619914128
    ],
    [
      0.024770642201834864,
      0.9275199345737069
    ],
    [
      0.010091743119266056,
      0.6200163565732979
    ],
    [
      0.010091743119266056,
      0.6200163565732979
    ]
  ]
}