{
  "lane_id": 0,
  "polygon": [
    [
      0.5055045871559632,
      0.00526477203025966
    ],
    [
      0.5513761467889908,
      0.008536086689838478
    ],
    [
      0.9990825688073395,
      0.8492639542015947
    ],
    [
      0.9844036697247707,
      0.9604886526272746
    ],
    [
      0.2834862385321101,
      0.953946023308117
    ],
    [
      0.2834862385321101,
      0.953946023308117
    ]
  ]
}