{
  "lane_id": 2,
  "polygon": [
    [
      0.6353493834409865,
      0.1487678933263612
    ],
    [
      0.38755137991779215,
      0.9749656840316361
    ],
    [
      0.9911920140927775,
      0.972874044055167
    ],
    [
      0.9935408103347034,
      0.7365187267141643
    ],
    [
      0.6999412800939518,
      0.140401333420485
    ],
    [
      0.6999412800939518,
      0.140401333420485
    ]
  ]
}