{
  "lane_id": 0,
  "polygon": [
    [
      0.5085143863769818,
      0.02219099287535133
    ],
    [
      0.2900763358778626,
      0.9780704621217073
    ],
    [
      0.9900176159718145,
      0.9801621020981763
    ],
    [
      0.9888432178508514,
      0.8358389437218119
    ],
    [
      0.544920728126835,
      0.02009935289888228
    ],
    [
      0.544920728126835,
      0.02009935289888228
    ]
  ]
}