{
  "lane_id": 3,
  "polygon": [
    [
      0.45038167938931295,
      0.2115170926204327
    ],
    [
      0.5091015854374633,
      0.18850905287927316
    ],
    [
      0.991779213153259,
      0.9017582848552192
    ],
    [
      0.9800352319436288,
      0.9791489639845742
    ],
    [
      0.5455079271873166,
      0.9854238839139813
    ],
    [
      0.5455079271873166,
      0.9854238839139813
    ],
    [
      0.4703464474456841,
      0.26589973200862804
    ],
    [
      0.4703464474456841,
      0.26589973200862804
    ]
  ]
}